{
  "lighting": "none",
  "matrix": {
      "rows": 5,
      "cols": 13
  },
  "layouts": {
    "keymap": [
      [
        {
          "r": 10,
          "rx": 1,
          "x": 3
        },
        "0,3"
      ],
      [
        {
          "y": -0.65,
          "x": 2
        },
        "0,2",
        {
          "x": 1
        },
        "0,4"
      ],
      [
        {
          "y": -0.75
        },
        "0,0",
        "0,1"
      ],
      [
        {
          "y": -0.9,
          "x": 5
        },
        "0,5"
      ],
      [
        {
          "y": -0.7,
          "x": 3
        },
        "1,3"
      ],
      [
        {
          "y": -0.6499999999999999,
          "x": 2
        },
        "1,2",
        {
          "x": 1
        },
        "1,4"
      ],
      [
        {
          "y": -0.75
        },
        "1,0",
        "1,1"
      ],
      [
        {
          "y": -0.8999999999999999,
          "x": 5
        },
        "1,5"
      ],
      [
        {
          "y": -0.7000000000000002,
          "x": 3
        },
        "2,3"
      ],
      [
        {
          "y": -0.6499999999999999,
          "x": 2
        },
        "2,2",
        {
          "x": 1
        },
        "2,4"
      ],
      [
        {
          "y": -0.75
        },
        "2,0",
        "2,1"
      ],
      [
        {
          "y": -0.8999999999999999,
          "x": 5
        },
        "2,5"
      ],
      [
        {
          "y": -0.7000000000000002,
          "x": 3
        },
        "3,3"
      ],
      [
        {
          "y": -0.6499999999999999,
          "x": 2
        },
        "3,2",
        {
          "x": 1
        },
        "3,4"
      ],
      [
        {
          "y": -0.75
        },
        "3,0",
        "3,1"
      ],
      [
        {
          "y": -0.8999999999999999,
          "x": 5
        },
        "3,5"
      ],
      [
        {
          "y": -0.75,
          "x": 6,
          "h": 1.5
        },
        "3,6"
      ],
      [
        {
          "y": -0.9500000000000002,
          "x": 3
        },
        "4,3"
      ],
      [
        {
          "y": -0.6500000000000004,
          "x": 2
        },
        "4,2",
        {
          "x": 1
        },
        "4,4"
      ],
      [
        {
          "y": -0.75
        },
        "4,0",
        "4,1"
      ],
      [
        {
          "y": -0.9000000000000004,
          "x": 5
        },
        "4,5"
      ],
      [
        {
          "r": -10,
          "rx": 7,
          "ry": 1,
          "y": 0.25,
          "x": 3
        },
        "0,9"
      ],
      [
        {
          "y": -0.6499999999999999,
          "x": 2
        },
        "0,8",
        {
          "x": 1
        },
        "0,10"
      ],
      [
        {
          "y": -0.75,
          "x": 5
        },
        "0,11",
        "0,12"
      ],
      [
        {
          "y": -0.8999999999999999,
          "x": 1
        },
        "0,7"
      ],
      [
        {
          "y": -0.71,
          "x": 3
        },
        "1,9"
      ],
      [
        {
          "y": -0.6499999999999999,
          "x": 2
        },
        "1,8",
        {
          "x": 1
        },
        "1,10"
      ],
      [
        {
          "y": -0.75,
          "x": 5
        },
        "1,11",
        "1,12"
      ],
      [
        {
          "y": -0.8999999999999999,
          "x": 1
        },
        "1,7"
      ],
      [
        {
          "y": -0.71,
          "x": 3
        },
        "2,9"
      ],
      [
        {
          "y": -0.6499999999999999,
          "x": 2
        },
        "2,8",
        {
          "x": 1
        },
        "2,10"
      ],
      [
        {
          "y": -0.75,
          "x": 5
        },
        "2,11",
        "2,12"
      ],
      [
        {
          "y": -0.8999999999999999,
          "x": 1
        },
        "2,7"
      ],
      [
        {
          "y": -0.7000000000000002,
          "x": 3
        },
        "3,9"
      ],
      [
        {
          "y": -0.6500000000000004,
          "x": 2
        },
        "3,8",
        {
          "x": 1
        },
        "3,10"
      ],
      [
        {
          "y": -0.75,
          "x": 5
        },
        "3,11",
        "3,12"
      ],
      [
        {
          "y": -0.9000000000000004,
          "x": 1
        },
        "3,7"
      ],
      [
        {
          "y": -0.75,
          "h": 1.5
        },
        "4,6"
      ],
      [
        {
          "y": -0.9500000000000002,
          "x": 3
        },
        "4,9"
      ],
      [
        {
          "y": -0.6500000000000004,
          "x": 2
        },
        "4,8",
        {
          "x": 1
        },
        "4,10"
      ],
      [
        {
          "y": -0.75,
          "x": 5
        },
        "4,11",
        "4,12"
      ],
      [
        {
          "y": -0.9000000000000004,
          "x": 1
        },
        "4,7"
      ]
    ]
  }
}
